Date,name,isHoliday,holidayCategory,description
20130101,中華民國開國紀念日,是,放假之紀念日及節日,全國各機關學校放假一日。
20130105,,是,星期六、星期日,
20130106,,是,星期六、星期日,
20130112,,是,星期六、星期日,
20130113,,是,星期六、星期日,
20130119,,是,星期六、星期日,
20130120,,是,星期六、星期日,
20130126,,是,星期六、星期日,
20130127,,是,星期六、星期日,
20130202,,是,星期六、星期日,
20130203,,是,星期六、星期日,
20130209,農曆除夕,是,放假之紀念日及節日,全國各機關學校放假一日，適逢星期六，於二月十三日補假一日。
20130210,春節,是,放假之紀念日及節日,全國各機關學校於二月十日至二月十二日放假三日，二月十日適逢星期日，於二月十四日補假一日。
20130211,春節,是,放假之紀念日及節日,全國各機關學校於二月十日至二月十二日放假三日，二月十日適逢星期日，於二月十四日補假一日。
20130212,春節,是,放假之紀念日及節日,全國各機關學校於二月十日至二月十二日放假三日，二月十日適逢星期日，於二月十四日補假一日。
20130213,,是,補假,
20130214,,是,補假,
20130215,,是,調整放假日,二月十五日全國各機關學校調整假，於二月二十三日補行上班一日。
20130216,,是,星期六、星期日,
20130217,,是,星期六、星期日,
20130223,,否,補行上班日,
20130224,,是,星期日,
20130228,和平紀念日,是,放假之紀念日及節日,全國各機關學校放假一日。
20130302,,是,星期六、星期日,
20130303,,是,星期六、星期日,
20130308,婦女節,否,紀念日及節日,本日照常上班。
20130309,,是,星期六、星期日,
20130310,,是,星期六、星期日,
20130316,,是,星期六、星期日,
20130317,,是,星期六、星期日,
20130323,,是,星期六、星期日,
20130324,,是,星期六、星期日,
20130329,青年節,否,紀念日及節日,本日照常上班。
20130330,,是,星期六、星期日,
20130331,,是,星期六、星期日,
20130404,兒童節、民族掃墓節（清明節）,是,放假之紀念日及節日,全國各機關學校放假一日，適逢民族掃墓節，調整至四月五日放假。
20130405,,是,調整放假日,
20130406,,是,星期六、星期日,
20130407,,是,星期六、星期日,
20130413,,是,星期六、星期日,
20130414,,是,星期六、星期日,
20130420,,是,星期六、星期日,
20130421,,是,星期六、星期日,
20130427,,是,星期六、星期日,
20130428,,是,星期六、星期日,
20130501,勞動節,是,特定節日,勞工放假一日。
20130504,,是,星期六、星期日,
20130505,,是,星期六、星期日,
20130511,,是,星期六、星期日,
20130512,,是,星期六、星期日,
20130518,,是,星期六、星期日,
20130519,,是,星期六、星期日,
20130525,,是,星期六、星期日,
20130526,,是,星期六、星期日,
20130601,,是,星期六、星期日,
20130602,,是,星期六、星期日,
20130608,,是,星期六、星期日,
20130609,,是,星期六、星期日,
20130612,端午節,是,放假之紀念日及節日,全國各機關學校放假一日。
20130615,,是,星期六、星期日,
20130616,,是,星期六、星期日,
20130622,,是,星期六、星期日,
20130623,,是,星期六、星期日,
20130629,,是,星期六、星期日,
20130630,,是,星期六、星期日,
20130706,,是,星期六、星期日,
20130707,,是,星期六、星期日,
20130713,,是,星期六、星期日,
20130714,,是,星期六、星期日,
20130720,,是,星期六、星期日,
20130721,,是,星期六、星期日,
20130727,,是,星期六、星期日,
20130728,,是,星期六、星期日,
20130803,,是,星期六、星期日,
20130804,,是,星期六、星期日,
20130810,,是,星期六、星期日,
20130811,,是,星期六、星期日,
20130817,,是,星期六、星期日,
20130818,,是,星期六、星期日,
20130824,,是,星期六、星期日,
20130825,,是,星期六、星期日,
20130831,,是,星期六、星期日,
20130901,,是,星期六、星期日,
20130903,軍人節,否,特定節日,軍人依國防部規定辦理
20130907,,是,星期六、星期日,
20130908,,是,星期六、星期日,
20130914,,否,補行上班日,
20130915,,是,星期日,
20130919,中秋節,是,放假之紀念日及節日,全國各機關學校放假一日。
20130920,,是,調整放假日,九月二十日全國各機關學校調整放假，於九月十四日補行上班一日
20130921,,是,星期六、星期日,
20130922,,是,星期六、星期日,
20130928,教師節,是,紀念日及節日,適逢星期六放假一日
20130929,,是,星期六、星期日,
20131005,,是,星期六、星期日,
20131006,,是,星期六、星期日,
20131010,國慶日,是,放假之紀念日及節日,全國各機關學校放假一日。
20131012,,是,星期六、星期日,
20131013,,是,星期六、星期日,
20131019,,是,星期六、星期日,
20131020,,是,星期六、星期日,
20131025,臺灣光復節,否,紀念日及節日,本日照常上班。
20131026,,是,星期六、星期日,
20131027,,是,星期六、星期日,
20131102,,是,星期六、星期日,
20131103,,是,星期六、星期日,
20131109,,是,星期六、星期日,
20131110,,是,星期六、星期日,
20131112,國父誕辰紀念日(中華文化復興節),否,紀念日及節日,本日照常上班。
20131116,,是,星期六、星期日,
20131117,,是,星期六、星期日,
20131123,,是,星期六、星期日,
20131124,,是,星期六、星期日,
20131130,,是,星期六、星期日,
20131201,,是,星期六、星期日,
20131207,,是,星期六、星期日,
20131208,,是,星期六、星期日,
20131214,,是,星期六、星期日,
20131215,,是,星期六、星期日,
20131221,,是,星期六、星期日,
20131222,,是,星期六、星期日,
20131225,行憲紀念日,否,紀念日及節日,本日照常上班。
20131228,,是,星期六、星期日,
20131229,,是,星期六、星期日,
20140101,中華民國開國紀念日,是,放假之紀念日及節日,全國各機關學校放假一日。
20140104,,是,星期六、星期日,
20140105,,是,星期六、星期日,
20140111,,是,星期六、星期日,
20140112,,是,星期六、星期日,
20140118,,是,星期六、星期日,
20140119,,是,星期六、星期日,
20140125,,是,星期六、星期日,
20140126,,是,星期六、星期日,
20140130,農曆除夕,是,放假之紀念日及節日,全國各機關學校放假一日。
20140131,春節,是,放假之紀念日及節日,全國各機關學校於一月三十一日至二月二日放假三日，二月一日及二月二日適逢星期六、星期日，分別於二月三日及二月四日補假一日。
20140201,春節,是,放假之紀念日及節日,全國各機關學校於一月三十一日至二月二日放假三日，二月一日及二月二日適逢星期六、星期日，分別於二月三日及二月四日補假一日。
20140202,春節,是,放假之紀念日及節日,全國各機關學校於一月三十一日至二月二日放假三日，二月一日及二月二日適逢星期六、星期日，分別於二月三日及二月四日補假一日。
20140203,,是,補假,
20140204,,是,補假,
20140208,,是,星期六、星期日,
20140209,,是,星期六、星期日,
20140215,,是,星期六、星期日,
20140216,,是,星期六、星期日,
20140222,,是,星期六、星期日,
20140223,,是,星期六、星期日,
20140228,和平紀念日,是,放假之紀念日及節日,全國各機關學校放假一日。
20140301,,是,星期六、星期日,
20140302,,是,星期六、星期日,
20140308,婦女節,是,紀念日及節日,適逢星期六放假一日。
20140309,,是,星期六、星期日,
20140315,,是,星期六、星期日,
20140316,,是,星期六、星期日,
20140322,,是,星期六、星期日,
20140323,,是,星期六、星期日,
20140329,青年節,是,紀念日及節日,適逢星期六放假一日。
20140330,,是,星期六、星期日,
20140404,兒童節,是,放假之紀念日及節日,全國各機關學校放假一日。
20140405,民族掃墓節（清明節）,是,放假之紀念日及節日,全國各機關學校放假一日。
20140406,,是,星期六、星期日,
20140412,,是,星期六、星期日,
20140413,,是,星期六、星期日,
20140419,,是,星期六、星期日,
20140420,,是,星期六、星期日,
20140426,,是,星期六、星期日,
20140427,,是,星期六、星期日,
20140501,勞動節,是,特定節日,勞工放假一日。
20140503,,是,星期六、星期日,
20140504,,是,星期六、星期日,
20140510,,是,星期六、星期日,
20140511,,是,星期六、星期日,
20140517,,是,星期六、星期日,
20140518,,是,星期六、星期日,
20140524,,是,星期六、星期日,
20140525,,是,星期六、星期日,
20140531,,是,星期六、星期日,
20140601,,是,星期六、星期日,
20140602,端午節,是,放假之紀念日及節日,全國各機關學校放假一日。
20140607,,是,星期六、星期日,
20140608,,是,星期六、星期日,
20140614,,是,星期六、星期日,
20140615,,是,星期六、星期日,
20140621,,是,星期六、星期日,
20140622,,是,星期六、星期日,
20140628,,是,星期六、星期日,
20140629,,是,星期六、星期日,
20140705,,是,星期六、星期日,
20140706,,是,星期六、星期日,
20140712,,是,星期六、星期日,
20140713,,是,星期六、星期日,
20140719,,是,星期六、星期日,
20140720,,是,星期六、星期日,
20140726,,是,星期六、星期日,
20140727,,是,星期六、星期日,
20140802,,是,星期六、星期日,
20140803,,是,星期六、星期日,
20140809,,是,星期六、星期日,
20140810,,是,星期六、星期日,
20140816,,是,星期六、星期日,
20140817,,是,星期六、星期日,
20140823,,是,星期六、星期日,
20140824,,是,星期六、星期日,
20140830,,是,星期六、星期日,
20140831,,是,星期六、星期日,
20140903,軍人節,否,特定節日,軍人依國防部規定辦理
20140906,,是,星期六、星期日,
20140907,,是,星期六、星期日,
20140908,中秋節,是,放假之紀念日及節日,全國各機關學校放假一日。
20140913,,是,星期六、星期日,
20140914,,是,星期六、星期日,
20140920,,是,星期六、星期日,
20140921,,是,星期六、星期日,
20140927,,是,星期六、星期日,
20140928,教師節,是,紀念日及節日,適逢星期日放假一日
20141004,,是,星期六、星期日,
20141005,,是,星期六、星期日,
20141010,國慶日,是,放假之紀念日及節日,全國各機關學校放假一日。
20141011,,是,星期六、星期日,
20141012,,是,星期六、星期日,
20141018,,是,星期六、星期日,
20141019,,是,星期六、星期日,
20141025,臺灣光復節,是,紀念日及節日,適逢星期六放假一日
20141026,,是,星期六、星期日,
20141101,,是,星期六、星期日,
20141102,,是,星期六、星期日,
20141108,,是,星期六、星期日,
20141109,,是,星期六、星期日,
20141112,國父誕辰紀念日(中華文化復興節),否,紀念日及節日,本日照常上班。
20141115,,是,星期六、星期日,
20141116,,是,星期六、星期日,
20141122,,是,星期六、星期日,
20141123,,是,星期六、星期日,
20141129,,是,星期六、星期日,
20141130,,是,星期六、星期日,
20141206,,是,星期六、星期日,
20141207,,是,星期六、星期日,
20141213,,是,星期六、星期日,
20141214,,是,星期六、星期日,
20141220,,是,星期六、星期日,
20141221,,是,星期六、星期日,
20141225,行憲紀念日,否,紀念日及節日,本日照常上班。
20141227,,否,補行上班日,
20141228,,是,星期六、星期日,
20150101,中華民國開國紀念日,是,放假之紀念日及節日,全國各機關學校放假一日。
20150102,,是,調整放假日,
20150103,,是,星期六、星期日,
20150104,,是,星期六、星期日,
20150110,,是,星期六、星期日,
20150111,,是,星期六、星期日,
20150117,,是,星期六、星期日,
20150118,,是,星期六、星期日,
20150124,,是,星期六、星期日,
20150125,,是,星期六、星期日,
20150131,,是,星期六、星期日,
20150201,,是,星期六、星期日,
20150207,,是,星期六、星期日,
20150208,,是,星期六、星期日,
20150214,,是,星期六、星期日,
20150215,,是,星期六、星期日,
20150218,農曆除夕,是,放假之紀念日及節日,全國各機關學校放假一日。
20150219,春節,是,放假之紀念日及節日,全國各機關學校於二月十九日至二月二十一日放假三日，二月二十一日適逢星期六，於二月二十三日補假一日。
20150220,春節,是,放假之紀念日及節日,全國各機關學校於二月十九日至二月二十一日放假三日，二月二十一日適逢星期六，於二月二十三日補假一日。
20150221,春節,是,放假之紀念日及節日,全國各機關學校於二月十九日至二月二十一日放假三日，二月二十一日適逢星期六，於二月二十三日補假一日。
20150222,,是,星期六、星期日,
20150223,,是,補假,
20150227,,是,補假,
20150228,和平紀念日,是,放假之紀念日及節日,全國各機關學校放假一日，適逢星期六，於二月二十七日補假一日。
20150301,,是,星期六、星期日,
20150307,,是,星期六、星期日,
20150308,,是,星期六、星期日,
20150314,,是,星期六、星期日,
20150315,,是,星期六、星期日,
20150321,,是,星期六、星期日,
20150322,,是,星期六、星期日,
20150328,,是,星期六、星期日,
20150329,,是,星期六、星期日,
20150403,,是,補假,
20150404,兒童節,是,放假之紀念日及節日,全國各機關學校放假一日，適逢星期六，於四月三日補假一日。
20150405,民族掃墓節（清明節）,是,放假之紀念日及節日,全國各機關學校放假一日，適逢星期日，於四月六日補假一日。
20150406,,是,補假,
20150411,,是,星期六、星期日,
20150412,,是,星期六、星期日,
20150418,,是,星期六、星期日,
20150419,,是,星期六、星期日,
20150425,,是,星期六、星期日,
20150426,,是,星期六、星期日,
20150501,勞動節,是,特定節日,勞工放假一日。
20150502,,是,星期六、星期日,
20150503,,是,星期六、星期日,
20150509,,是,星期六、星期日,
20150510,,是,星期六、星期日,
20150516,,是,星期六、星期日,
20150517,,是,星期六、星期日,
20150523,,是,星期六、星期日,
20150524,,是,星期六、星期日,
20150530,,是,星期六、星期日,
20150531,,是,星期六、星期日,
20150606,,是,星期六、星期日,
20150607,,是,星期六、星期日,
20150613,,是,星期六、星期日,
20150614,,是,星期六、星期日,
20150619,,是,補假,
20150620,端午節,是,放假之紀念日及節日,全國各機關學校放假一日，適逢星期六，於六月十九日補假一日。
20150621,,是,星期六、星期日,
20150627,,是,星期六、星期日,
20150628,,是,星期六、星期日,
20150704,,是,星期六、星期日,
20150705,,是,星期六、星期日,
20150711,,是,星期六、星期日,
20150712,,是,星期六、星期日,
20150718,,是,星期六、星期日,
20150719,,是,星期六、星期日,
20150725,,是,星期六、星期日,
20150726,,是,星期六、星期日,
20150801,,是,星期六、星期日,
20150802,,是,星期六、星期日,
20150808,,是,星期六、星期日,
20150809,,是,星期六、星期日,
20150815,,是,星期六、星期日,
20150816,,是,星期六、星期日,
20150822,,是,星期六、星期日,
20150823,,是,星期六、星期日,
20150829,,是,星期六、星期日,
20150830,,是,星期六、星期日,
20150903,軍人節,是,特定節日,軍人依國防部規定辦理
20150905,,是,星期六、星期日,
20150906,,是,星期六、星期日,
20150912,,是,星期六、星期日,
20150913,,是,星期六、星期日,
20150919,,是,星期六、星期日,
20150920,,是,星期六、星期日,
20150926,,是,星期六、星期日,
20150927,中秋節,是,放假之紀念日及節日,全國各機關學校放假一日，適逢星期日，於九月二十八日補假一日。
20150928,,是,補假,
20151003,,是,星期六、星期日,
20151004,,是,星期六、星期日,
20151009,,是,補假,
20151010,國慶日,是,放假之紀念日及節日,全國各機關學校放假一日，適逢星期六，於十月九日補假一日。
20151011,,是,星期六、星期日,
20151017,,是,星期六、星期日,
20151018,,是,星期六、星期日,
20151024,,是,星期六、星期日,
20151025,,是,星期六、星期日,
20151031,,是,星期六、星期日,
20151101,,是,星期六、星期日,
20151107,,是,星期六、星期日,
20151108,,是,星期六、星期日,
20151014,,是,星期六、星期日,
20151015,,是,星期六、星期日,
20151021,,是,星期六、星期日,
20151022,,是,星期六、星期日,
20151028,,是,星期六、星期日,
20151029,,是,星期六、星期日,
20151205,,是,星期六、星期日,
20151206,,是,星期六、星期日,
20151212,,是,星期六、星期日,
20151213,,是,星期六、星期日,
20151219,,是,星期六、星期日,
20151220,,是,星期六、星期日,
20151226,,是,星期六、星期日,
20151227,,是,星期六、星期日,
20160101,中華民國開國紀念日,是,放假之紀念日及節日,全國各機關學校放假一日。
20160102,,是,星期六、星期日,
20160103,,是,星期六、星期日,
20160109,,是,星期六、星期日,
20160110,,是,星期六、星期日,
20160116,,是,星期六、星期日,
20160117,,是,星期六、星期日,
20160123,,是,星期六、星期日,
20160124,,是,星期六、星期日,
20160130,,否,補行上班日,
20160131,,是,星期六、星期日,
20160206,,是,星期六、星期日,
20160207,農曆除夕,是,放假之紀念日及節日,全國各機關學校放假一日，適逢星期日，於二月十一日補假一日，調整二月十二日為放假日，並於一月三十日補行上班。
20160208,春節,是,放假之紀念日及節日,全國各機關學校於二月八日至二月十日放假三日。
20160209,春節,是,放假之紀念日及節日,全國各機關學校於二月八日至二月十日放假三日。
20160210,春節,是,放假之紀念日及節日,全國各機關學校於二月八日至二月十日放假三日。
20160211,,是,補假,
20160212,,是,調整放假日,
20160213,,是,星期六、星期日,
20160214,,是,星期六、星期日,
20160220,,是,星期六、星期日,
20160221,,是,星期六、星期日,
20160227,,是,星期六、星期日,
20160228,和平紀念日,是,放假之紀念日及節日,全國各機關學校放假一日，適逢星期日，於二月二十九日補假一日。
20160229,,是,補假,
20160305,,是,星期六、星期日,
20160306,,是,星期六、星期日,
20160312,,是,星期六、星期日,
20160313,,是,星期六、星期日,
20160319,,是,星期六、星期日,
20160320,,是,星期六、星期日,
20160326,,是,星期六、星期日,
20160327,,是,星期六、星期日,
20160402,,是,星期六、星期日,
20160403,,是,放假之紀念日及節日,
20160404,兒童節、民族掃墓節（清明節）,是,放假之紀念日及節日,全國各機關學校放假一日(兒童節與民族掃墓節同一日時，於前一日放假，並於四月五日補假一日)。
20160405,,是,補假,
20160409,,是,星期六、星期日,
20160410,,是,星期六、星期日,
20160416,,是,星期六、星期日,
20160417,,是,星期六、星期日,
20160423,,是,星期六、星期日,
20160424,,是,星期六、星期日,
20160430,,是,星期六、星期日,
20160501,勞動節,是,特定節日,勞工放假一日。
20160507,,是,星期六、星期日,
20160508,,是,星期六、星期日,
20160514,,是,星期六、星期日,
20160515,,是,星期六、星期日,
20160521,,是,星期六、星期日,
20160522,,是,星期六、星期日,
20160528,,是,星期六、星期日,
20160529,,是,星期六、星期日,
20160604,,否,補行上班日,
20160605,,是,星期六、星期日,
20160609,端午節,是,放假之紀念日及節日,全國各機關學校放假一日，適逢星期四，調整六月十日為放假日，並於六月四日補行上班一日。
20160610,,是,調整放假日,
20160611,,是,星期六、星期日,
20160612,,是,星期六、星期日,
20160618,,是,星期六、星期日,
20160619,,是,星期六、星期日,
20160625,,是,星期六、星期日,
20160626,,是,星期六、星期日,
20160702,,是,星期六、星期日,
20160703,,是,星期六、星期日,
20160709,,是,星期六、星期日,
20160710,,是,星期六、星期日,
20160716,,是,星期六、星期日,
20160717,,是,星期六、星期日,
20160723,,是,星期六、星期日,
20160724,,是,星期六、星期日,
20160730,,是,星期六、星期日,
20160731,,是,星期六、星期日,
20160806,,是,星期六、星期日,
20160807,,是,星期六、星期日,
20160813,,是,星期六、星期日,
20160814,,是,星期六、星期日,
20160820,,是,星期六、星期日,
20160821,,是,星期六、星期日,
20160827,,是,星期六、星期日,
20160828,,是,星期六、星期日,
20160903,軍人節,是,特定節日,軍人依國防部規定辦理。
20160904,,是,星期六、星期日,
20160910,,否,補行上班日,
20160911,,是,星期六、星期日,
20160915,中秋節,是,放假之紀念日及節日,全國各機關學校放假一日，適逢星期四，調整九月十六日為放假日，並於九月十日補行上班一日。
20160916,,是,調整放假日,
20160917,,是,星期六、星期日,
20160918,,是,星期六、星期日,
20160924,,是,星期六、星期日,
20160925,,是,星期六、星期日,
20161001,,是,星期六、星期日,
20161002,,是,星期六、星期日,
20161008,,是,星期六、星期日,
20161009,,是,星期六、星期日,
20161010,國慶日,是,放假之紀念日及節日,全國各機關學校放假一日。
20161015,,是,星期六、星期日,
20161016,,是,星期六、星期日,
20161022,,是,星期六、星期日,
20161023,,是,星期六、星期日,
20161029,,是,星期六、星期日,
20161030,,是,星期六、星期日,
20161105,,是,星期六、星期日,
20161106,,是,星期六、星期日,
20161112,,是,星期六、星期日,
20161113,,是,星期六、星期日,
20161119,,是,星期六、星期日,
20161120,,是,星期六、星期日,
20161126,,是,星期六、星期日,
20161127,,是,星期六、星期日,
20161203,,是,星期六、星期日,
20161204,,是,星期六、星期日,
20161210,,是,星期六、星期日,
20161211,,是,星期六、星期日,
20161217,,是,星期六、星期日,
20161218,,是,星期六、星期日,
20161224,,是,星期六、星期日,
20161225,,是,星期六、星期日,
20161231,,是,星期六、星期日,
20170101,中華民國開國紀念日,是,放假之紀念日及節日,全國各機關學校放假一日，適逢星期日，於一月二日補假一日。
20170102,,是,補假,
20170107,,是,星期六、星期日,
20170108,,是,星期六、星期日,
20170114,,是,星期六、星期日,
20170115,,是,星期六、星期日,
20170121,,是,星期六、星期日,
20170122,,是,星期六、星期日,
20170127,農曆除夕,是,放假之紀念日及節日,全國各機關學校放假一日。
20170128,春節,是,放假之紀念日及節日,全國各機關學校於一月二十八日至一月三十日放假三日，其中春節初一、初二適逢星期六、日，分別於一月三十一日及二月一日補假一日。
20170129,春節,是,放假之紀念日及節日,全國各機關學校於一月二十八日至一月三十日放假三日，其中春節初一、初二適逢星期六、日，分別於一月三十一日及二月一日補假一日。
20170130,春節,是,放假之紀念日及節日,全國各機關學校於一月二十八日至一月三十日放假三日，其中春節初一、初二適逢星期六、日，分別於一月三十一日及二月一日補假一日。
20170131,,是,補假,
20170201,,是,補假,
20170204,,是,星期六、星期日,
20170205,,是,星期六、星期日,
20170211,,是,星期六、星期日,
20170212,,是,星期六、星期日,
20170218,,否,補行上班日,
20170219,,是,星期六、星期日,
20170225,,是,星期六、星期日,
20170226,,是,星期六、星期日,
20170227,,是,調整放假日,
20170228,和平紀念日,是,放假之紀念日及節日,全國各機關學校放假一日，適逢星期二，調整二月二十七日為放假日，並於二月十八日補行上班一日。
20170304,,是,星期六、星期日,
20170305,,是,星期六、星期日,
20170311,,是,星期六、星期日,
20170312,,是,星期六、星期日,
20170318,,是,星期六、星期日,
20170319,,是,星期六、星期日,
20170325,,是,星期六、星期日,
20170326,,是,星期六、星期日,
20170401,,是,星期六、星期日,
20170402,,是,星期六、星期日,
20170403,,是,放假之紀念日及節日,全國各機關學校放假一日。
20170404,兒童節、民族掃墓節（清明節）,是,放假之紀念日及節日,全國各機關學校放假一日(兒童節與民族掃墓節同一日時，於前一日即四月三日放假)。
20170408,,是,星期六、星期日,
20170409,,是,星期六、星期日,
20170415,,是,星期六、星期日,
20170416,,是,星期六、星期日,
20170422,,是,星期六、星期日,
20170423,,是,星期六、星期日,
20170429,,是,星期六、星期日,
20170430,,是,星期六、星期日,
20170501,勞動節,是,特定節日,勞工放假一日。
20170506,,是,星期六、星期日,
20170507,,是,星期六、星期日,
20170513,,是,星期六、星期日,
20170514,,是,星期六、星期日,
20170520,,是,星期六、星期日,
20170521,,是,星期六、星期日,
20170527,,是,星期六、星期日,
20170528,,是,星期六、星期日,
20170529,,是,調整放假日,
20170530,端午節,是,放假之紀念日及節日,全國各機關學校放假一日，適逢星期二，調整五月二十九日為放假日，並於六月三日補行上班一日。
20170603,,否,補行上班日,
20170604,,是,星期六、星期日,
20170610,,是,星期六、星期日,
20170611,,是,星期六、星期日,
20170617,,是,星期六、星期日,
20170618,,是,星期六、星期日,
20170624,,是,星期六、星期日,
20170625,,是,星期六、星期日,
20170701,,是,星期六、星期日,
20170702,,是,星期六、星期日,
20170708,,是,星期六、星期日,
20170709,,是,星期六、星期日,
20170715,,是,星期六、星期日,
20170716,,是,星期六、星期日,
20170722,,是,星期六、星期日,
20170723,,是,星期六、星期日,
20170729,,是,星期六、星期日,
20170730,,是,星期六、星期日,
20170805,,是,星期六、星期日,
20170806,,是,星期六、星期日,
20170812,,是,星期六、星期日,
20170813,,是,星期六、星期日,
20170819,,是,星期六、星期日,
20170820,,是,星期六、星期日,
20170826,,是,星期六、星期日,
20170827,,是,星期六、星期日,
20170902,,是,星期六、星期日,
20170903,軍人節,是,特定節日,軍人依國防部規定辦理。
20170909,,是,星期六、星期日,
20170910,,是,星期六、星期日,
20170916,,是,星期六、星期日,
20170917,,是,星期六、星期日,
20170923,,是,星期六、星期日,
20170924,,是,星期六、星期日,
20170930,,否,補行上班日,
20171001,,是,星期六、星期日,
20171004,中秋節,是,放假之紀念日及節日,全國各機關學校放假一日。
20171007,,是,星期六、星期日,
20171008,,是,星期六、星期日,
20171009,,是,調整放假日,
20171010,國慶日,是,放假之紀念日及節日,全國各機關學校放假一日，適逢星期二，調整十月九日為放假日，並於九月三十日補行上班一日。
20171014,,是,星期六、星期日,
20171015,,是,星期六、星期日,
20171021,,是,星期六、星期日,
20171022,,是,星期六、星期日,
20171028,,是,星期六、星期日,
20171029,,是,星期六、星期日,
20171104,,是,星期六、星期日,
20171105,,是,星期六、星期日,
20171111,,是,星期六、星期日,
20171112,,是,星期六、星期日,
20171118,,是,星期六、星期日,
20171119,,是,星期六、星期日,
20171125,,是,星期六、星期日,
20171126,,是,星期六、星期日,
20171202,,是,星期六、星期日,
20171203,,是,星期六、星期日,
20171209,,是,星期六、星期日,
20171210,,是,星期六、星期日,
20171216,,是,星期六、星期日,
20171217,,是,星期六、星期日,
20171223,,是,星期六、星期日,
20171224,,是,星期六、星期日,
20171230,,是,星期六、星期日,
20171231,,是,星期六、星期日,
20180101,中華民國開國紀念日,是,放假之紀念日及節日,全國各機關學校放假一日
20180106,,是,星期六、星期日,
20180107,,是,星期六、星期日,
20180113,,是,星期六、星期日,
20180114,,是,星期六、星期日,
20180120,,是,星期六、星期日,
20180121,,是,星期六、星期日,
20180127,,是,星期六、星期日,
20180128,,是,星期六、星期日,
20180203,,是,星期六、星期日,
20180204,,是,星期六、星期日,
20180210,,是,星期六、星期日,
20180211,,是,星期六、星期日,
20180215,農曆除夕,是,放假之紀念日及節日,全國各機關學校放假一日。
20180216,春節,是,放假之紀念日及節日,全國各機關學校於二月十六日至二月十八日放假三日，其中春節初二、初三適逢星期六、日，分別於二月十九日及二月二十日各補假一日。
20180217,春節,是,放假之紀念日及節日,全國各機關學校於二月十六日至二月十八日放假三日，其中春節初二、初三適逢星期六、日，分別於二月十九日及二月二十日各補假一日。
20180218,春節,是,放假之紀念日及節日,全國各機關學校於二月十六日至二月十八日放假三日，其中春節初二、初三適逢星期六、日，分別於二月十九日及二月二十日各補假一日。
20180219,,是,補假,
20180220,,是,補假,
20180224,,是,星期六、星期日,
20180225,,是,星期六、星期日,
20180228,和平紀念日,是,放假之紀念日及節日,全國各機關學校放假一日。
20180303,,是,星期六、星期日,
20180304,,是,星期六、星期日,
20180310,,是,星期六、星期日,
20180311,,是,星期六、星期日,
20180317,,是,星期六、星期日,
20180318,,是,星期六、星期日,
20180324,,是,星期六、星期日,
20180325,,是,星期六、星期日,
20180331,,否,補行上班日,
20180401,,是,星期六、星期日,
20180404,兒童節,是,放假之紀念日及節日,全國各機關學校放假一日。
20180405,民族掃墓節（清明節）,是,放假之紀念日及節日,全國各機關學校放假一日，適逢星期四，調整四月六日為放假日，並於三月三十一日補行上班一日。
20180406,,是,調整放假日,
20180407,,是,星期六、星期日,
20180408,,是,星期六、星期日,
20180414,,是,星期六、星期日,
20180415,,是,星期六、星期日,
20180421,,是,星期六、星期日,
20180422,,是,星期六、星期日,
20180428,,是,星期六、星期日,
20180429,,是,星期六、星期日,
20180501,勞動節,是,特定節日,勞工放假一日。
20180505,,是,星期六、星期日,
20180506,,是,星期六、星期日,
20180512,,是,星期六、星期日,
20180513,,是,星期六、星期日,
20180519,,是,星期六、星期日,
20180520,,是,星期六、星期日,
20180526,,是,星期六、星期日,
20180527,,是,星期六、星期日,
20180602,,是,星期六、星期日,
20180603,,是,星期六、星期日,
20180609,,是,星期六、星期日,
20180610,,是,星期六、星期日,
20180616,,是,星期六、星期日,
20180617,,是,星期六、星期日,
20180618,端午節,是,放假之紀念日及節日,全國各機關學校放假一日。
20180623,,是,星期六、星期日,
20180624,,是,星期六、星期日,
20180630,,是,星期六、星期日,
20180701,,是,星期六、星期日,
20180707,,是,星期六、星期日,
20180708,,是,星期六、星期日,
20180714,,是,星期六、星期日,
20180715,,是,星期六、星期日,
20180721,,是,星期六、星期日,
20180722,,是,星期六、星期日,
20180728,,是,星期六、星期日,
20180729,,是,星期六、星期日,
20180804,,是,星期六、星期日,
20180805,,是,星期六、星期日,
20180811,,是,星期六、星期日,
20180812,,是,星期六、星期日,
20180818,,是,星期六、星期日,
20180819,,是,星期六、星期日,
20180825,,是,星期六、星期日,
20180826,,是,星期六、星期日,
20180901,,是,星期六、星期日,
20180902,,是,星期六、星期日,
20180903,軍人節,是,特定節日,軍人依國防部規定辦理。
20180908,,是,星期六、星期日,
20180909,,是,星期六、星期日,
20180915,,是,星期六、星期日,
20180916,,是,星期六、星期日,
20180922,,是,星期六、星期日,
20180923,,是,星期六、星期日,
20180924,中秋節,是,放假之紀念日及節日,全國各機關學校放假一日。
20180929,,是,星期六、星期日,
20180930,,是,星期六、星期日,
20181006,,是,星期六、星期日,
20181007,,是,星期六、星期日,
20181010,國慶日,是,放假之紀念日及節日,全國各機關學校放假一日。
20181013,,是,星期六、星期日,
20181014,,是,星期六、星期日,
20181020,,是,星期六、星期日,
20181021,,是,星期六、星期日,
20181027,,是,星期六、星期日,
20181028,,是,星期六、星期日,
20181103,,是,星期六、星期日,
20181104,,是,星期六、星期日,
20181110,,是,星期六、星期日,
20181111,,是,星期六、星期日,
20181117,,是,星期六、星期日,
20181118,,是,星期六、星期日,
20181124,,是,星期六、星期日,
20181125,,是,星期六、星期日,
20181201,,是,星期六、星期日,
20181202,,是,星期六、星期日,
20181208,,是,星期六、星期日,
20181209,,是,星期六、星期日,
20181215,,是,星期六、星期日,
20181216,,是,星期六、星期日,
20181222,,否,補行上班日,
20181223,,是,星期六、星期日,
20181229,,是,星期六、星期日,
20181230,,是,星期六、星期日,
20181231,,是,調整放假日,
20190101,中華民國開國紀念日,是,放假之紀念日及節日,全國各機關學校放假一日。
20190105,,是,星期六、星期日,
20190106,,是,星期六、星期日,
20190112,,是,星期六、星期日,
20190113,,是,星期六、星期日,
20190119,,否,補行上班日,
20190120,,是,星期六、星期日,
20190126,,是,星期六、星期日,
20190127,,是,星期六、星期日,
20190202,,是,星期六、星期日,
20190203,,是,星期六、星期日,
20190204,農曆除夕,是,放假之紀念日及節日,全國各機關學校放假一日。
20190205,春節,是,放假之紀念日及節日,全國各機關學校於二月五日至二月七日放假三日，其中二月七日適逢星期四，調整二月八日為放假日，並於一月十九日補行上班一日。
20190206,春節,是,放假之紀念日及節日,全國各機關學校於二月五日至二月七日放假三日，其中二月七日適逢星期四，調整二月八日為放假日，並於一月十九日補行上班一日。
20190207,春節,是,放假之紀念日及節日,全國各機關學校於二月五日至二月七日放假三日，其中二月七日適逢星期四，調整二月八日為放假日，並於一月十九日補行上班一日。
20190208,,是,調整放假日,
20190209,,是,星期六、星期日,
20190210,,是,星期六、星期日,
20190216,,是,星期六、星期日,
20190217,,是,星期六、星期日,
20190223,,否,補行上班日,
20190224,,是,星期六、星期日,
20190228,和平紀念日,是,放假之紀念日及節日,全國各機關學校放假一日，適逢星期四，調整三月一日為放假日，並於二月二十三日補行上班一日。
20190301,,是,調整放假日,
20190302,,是,星期六、星期日,
20190303,,是,星期六、星期日,
20190309,,是,星期六、星期日,
20190310,,是,星期六、星期日,
20190316,,是,星期六、星期日,
20190317,,是,星期六、星期日,
20190323,,是,星期六、星期日,
20190324,,是,星期六、星期日,
20190330,,是,星期六、星期日,
20190331,,是,星期六、星期日,
20190404,兒童節,是,放假之紀念日及節日,全國各機關學校放假一日。
20190405,民族掃墓節（清明節）,是,放假之紀念日及節日,全國各機關學校放假一日。
20190406,,是,星期六、星期日,
20190407,,是,星期六、星期日,
20190413,,是,星期六、星期日,
20190414,,是,星期六、星期日,
20190420,,是,星期六、星期日,
20190421,,是,星期六、星期日,
20190427,,是,星期六、星期日,
20190428,,是,星期六、星期日,
20190501,勞動節,是,特定節日,勞工放假一日。
20190504,,是,星期六、星期日,
20190505,,是,星期六、星期日,
20190511,,是,星期六、星期日,
20190512,,是,星期六、星期日,
20190518,,是,星期六、星期日,
20190519,,是,星期六、星期日,
20190525,,是,星期六、星期日,
20190526,,是,星期六、星期日,
20190601,,是,星期六、星期日,
20190602,,是,星期六、星期日,
20190607,端午節,是,放假之紀念日及節日,全國各機關學校放假一日。
20190608,,是,星期六、星期日,
20190609,,是,星期六、星期日,
20190615,,是,星期六、星期日,
20190616,,是,星期六、星期日,
20190622,,是,星期六、星期日,
20190623,,是,星期六、星期日,
20190629,,是,星期六、星期日,
20190630,,是,星期六、星期日,
20190706,,是,星期六、星期日,
20190707,,是,星期六、星期日,
20190713,,是,星期六、星期日,
20190714,,是,星期六、星期日,
20190720,,是,星期六、星期日,
20190721,,是,星期六、星期日,
20190727,,是,星期六、星期日,
20190728,,是,星期六、星期日,
20190803,,是,星期六、星期日,
20190804,,是,星期六、星期日,
20190810,,是,星期六、星期日,
20190811,,是,星期六、星期日,
20190817,,是,星期六、星期日,
20190818,,是,星期六、星期日,
20190824,,是,星期六、星期日,
20190825,,是,星期六、星期日,
20190831,,是,星期六、星期日,
20190901,,是,星期六、星期日,
20190903,軍人節,是,特定節日,軍人依國防部規定辦理。
20190907,,是,星期六、星期日,
20190908,,是,星期六、星期日,
20190913,中秋節,是,放假之紀念日及節日,全國各機關學校放假一日。
20190914,,是,星期六、星期日,
20190915,,是,星期六、星期日,
20190921,,是,星期六、星期日,
20190922,,是,星期六、星期日,
20190928,,是,星期六、星期日,
20190929,,是,星期六、星期日,
20191005,,否,補行上班日,
20191006,,是,星期六、星期日,
20191010,國慶日,是,放假之紀念日及節日,全國各機關學校放假一日，適逢星期四，調整十月十一日為放假日，並於十月五日補行上班一日。
20191011,,是,調整放假日,
20191012,,是,星期六、星期日,
20191013,,是,星期六、星期日,
20191019,,是,星期六、星期日,
20191020,,是,星期六、星期日,
20191026,,是,星期六、星期日,
20191027,,是,星期六、星期日,
20191102,,是,星期六、星期日,
20191103,,是,星期六、星期日,
20191109,,是,星期六、星期日,
20191110,,是,星期六、星期日,
20191116,,是,星期六、星期日,
20191117,,是,星期六、星期日,
20191123,,是,星期六、星期日,
20191124,,是,星期六、星期日,
20191130,,是,星期六、星期日,
20191201,,是,星期六、星期日,
20191207,,是,星期六、星期日,
20191208,,是,星期六、星期日,
20191214,,是,星期六、星期日,
20191215,,是,星期六、星期日,
20191221,,是,星期六、星期日,
20191222,,是,星期六、星期日,
20191228,,是,星期六、星期日,
20191229,,是,星期六、星期日,
20200101,中華民國開國紀念日,是,放假之紀念日及節日,全國各機關學校放假一日。
20200104,,是,星期六、星期日,
20200105,,是,星期六、星期日,
20200111,,是,星期六、星期日,
20200112,,是,星期六、星期日,
20200118,,是,星期六、星期日,
20200119,,是,星期六、星期日,
20200123,,是,調整放假日,
20200124,農曆除夕,是,放假之紀念日及節日,全國各機關學校放假一日，前一日(一月二十三日)功能性調整放假，並於二月十五日補行上班一日。
20200125,春節,是,放假之紀念日及節日,全國各機關學校於一月二十五日至一月二十七日放假三日，其中春節初一、初二適逢星期六、日，分別於一月二十八日及一月二十九日各補假一日。
20200126,春節,是,放假之紀念日及節日,全國各機關學校於一月二十五日至一月二十七日放假三日，其中春節初一、初二適逢星期六、日，分別於一月二十八日及一月二十九日各補假一日。
20200127,春節,是,放假之紀念日及節日,全國各機關學校於一月二十五日至一月二十七日放假三日，其中春節初一、初二適逢星期六、日，分別於一月二十八日及一月二十九日各補假一日。
20200128,,是,補假,
20200129,,是,補假,
20200201,,是,星期六、星期日,
20200202,,是,星期六、星期日,
20200208,,是,星期六、星期日,
20200209,,是,星期六、星期日,
20200215,,否,補行上班日,
20200216,,是,星期六、星期日,
20200222,,是,星期六、星期日,
20200223,,是,星期六、星期日,
20200228,和平紀念日,是,放假之紀念日及節日,全國各機關學校放假一日。
20200229,,是,星期六、星期日,
20200301,,是,星期六、星期日,
20200307,,是,星期六、星期日,
20200308,,是,星期六、星期日,
20200314,,是,星期六、星期日,
20200315,,是,星期六、星期日,
20200321,,是,星期六、星期日,
20200322,,是,星期六、星期日,
20200328,,是,星期六、星期日,
20200329,,是,星期六、星期日,
20200402,,是,補假,
20200403,,是,放假之紀念日及節日,
20200404,兒童節、民族掃墓節（清明節）,是,放假之紀念日及節日,全國各機關學校放假一日，兒童節與民族掃墓節同一日且逢星期六，於四月二日補假一日、四月三日放假一日。
20200405,,是,星期六、星期日,
20200411,,是,星期六、星期日,
20200412,,是,星期六、星期日,
20200418,,是,星期六、星期日,
20200419,,是,星期六、星期日,
20200425,,是,星期六、星期日,
20200426,,是,星期六、星期日,
20200501,勞動節,是,特定節日,勞工放假一日。
20200502,,是,星期六、星期日,
20200503,,是,星期六、星期日,
20200509,,是,星期六、星期日,
20200510,,是,星期六、星期日,
20200516,,是,星期六、星期日,
20200517,,是,星期六、星期日,
20200523,,是,星期六、星期日,
20200524,,是,星期六、星期日,
20200530,,是,星期六、星期日,
20200531,,是,星期六、星期日,
20200606,,是,星期六、星期日,
20200607,,是,星期六、星期日,
20200613,,是,星期六、星期日,
20200614,,是,星期六、星期日,
20200620,,否,補行上班日,
20200621,,是,星期六、星期日,
20200625,端午節,是,放假之紀念日及節日,全國各機關學校放假一日，適逢星期四，調整六月二十六日為放假日，並於六月二十日補行上班一日。
20200626,,是,調整放假日,
20200627,,是,星期六、星期日,
20200628,,是,星期六、星期日,
20200704,,是,星期六、星期日,
20200705,,是,星期六、星期日,
20200711,,是,星期六、星期日,
20200712,,是,星期六、星期日,
20200718,,是,星期六、星期日,
20200719,,是,星期六、星期日,
20200725,,是,星期六、星期日,
20200726,,是,星期六、星期日,
20200801,,是,星期六、星期日,
20200802,,是,星期六、星期日,
20200808,,是,星期六、星期日,
20200809,,是,星期六、星期日,
20200815,,是,星期六、星期日,
20200816,,是,星期六、星期日,
20200822,,是,星期六、星期日,
20200823,,是,星期六、星期日,
20200829,,是,星期六、星期日,
20200830,,是,星期六、星期日,
20200903,軍人節,是,特定節日,軍人依國防部規定辦理。
20200905,,是,星期六、星期日,
20200906,,是,星期六、星期日,
20200912,,是,星期六、星期日,
20200913,,是,星期六、星期日,
20200919,,是,星期六、星期日,
20200920,,是,星期六、星期日,
20200926,,否,補行上班日,
20200927,,是,星期六、星期日,
20201001,中秋節,是,放假之紀念日及節日,全國各機關學校放假一日，適逢星期四，調整十月二日為放假日，並於九月二十六日補行上班一日。
20201002,,是,調整放假日,
20201003,,是,星期六、星期日,
20201004,,是,星期六、星期日,
20201009,,是,補假,
20201010,國慶日,是,放假之紀念日及節日,全國各機關學校放假一日，適逢星期六，於十月九日補假一日。
20201011,,是,星期六、星期日,
20201017,,是,星期六、星期日,
20201018,,是,星期六、星期日,
20201024,,是,星期六、星期日,
20201025,,是,星期六、星期日,
20201031,,是,星期六、星期日,
20201101,,是,星期六、星期日,
20201107,,是,星期六、星期日,
20201108,,是,星期六、星期日,
20201114,,是,星期六、星期日,
20201115,,是,星期六、星期日,
20201121,,是,星期六、星期日,
20201122,,是,星期六、星期日,
20201128,,是,星期六、星期日,
20201129,,是,星期六、星期日,
20201205,,是,星期六、星期日,
20201206,,是,星期六、星期日,
20201212,,是,星期六、星期日,
20201213,,是,星期六、星期日,
20201219,,是,星期六、星期日,
20201220,,是,星期六、星期日,
20201226,,是,星期六、星期日,
20201227,,是,星期六、星期日,
20210101,中華民國開國紀念日,是,放假之紀念日及節日,全國各機關學校放假一日
20210102,,是,星期六、星期日,
20210103,,是,星期六、星期日,
20210109,,是,星期六、星期日,
20210110,,是,星期六、星期日,
20210116,,是,星期六、星期日,
20210117,,是,星期六、星期日,
20210123,,是,星期六、星期日,
20210124,,是,星期六、星期日,
20210130,,是,星期六、星期日,
20210131,,是,星期六、星期日,
20210206,,是,星期六、星期日,
20210207,,是,星期六、星期日,
20210210,,是,調整放假日,
20210211,農曆除夕,是,放假之紀念日及節日,全國各機關學校放假一日，前一日(二月十日)功能性調整放假，並於二月二十日補行上班一日。
20210212,春節,是,放假之紀念日及節日,全國各機關學校於二月十二日至二月十四日放假三日，其中春節初二、初三適逢星期六、星期日，分別於二月十五日及二月十六日各補假一日。
20210213,春節,是,放假之紀念日及節日,
20210214,春節,是,放假之紀念日及節日,
20210215,,是,補假,
20210216,,是,補假,
20210220,,否,補行上班日,
20210221,,是,星期六、星期日,
20210227,,是,星期六、星期日,
20210228,和平紀念日,是,放假之紀念日及節日,全國各機關學校放假一日，適逢星期日，於三月一日補假一日。
20210301,,是,補假,
20210306,,是,星期六、星期日,
20210307,,是,星期六、星期日,
20210313,,是,星期六、星期日,
20210314,,是,星期六、星期日,
20210320,,是,星期六、星期日,
20210321,,是,星期六、星期日,
20210327,,是,星期六、星期日,
20210328,,是,星期六、星期日,
20210402,,是,補假,
20210403,,是,放假之紀念日及節日,
20210404,兒童節、民族掃墓節（清明節）,是,放假之紀念日及節日,全國各機關學校放假一日，兒童節與民族掃墓節同一日且逢星期日，分別於四月二日及四月五日各補假一日。
20210405,,是,補假,
20210410,,是,星期六、星期日,
20210411,,是,星期六、星期日,
20210417,,是,星期六、星期日,
20210418,,是,星期六、星期日,
20210424,,是,星期六、星期日,
20210425,,是,星期六、星期日,
20210501,勞動節,是,特定節日,勞工放假一日。
20210502,,是,星期六、星期日,
20210508,,是,星期六、星期日,
20210509,,是,星期六、星期日,
20210515,,是,星期六、星期日,
20210516,,是,星期六、星期日,
20210522,,是,星期六、星期日,
20210523,,是,星期六、星期日,
20210529,,是,星期六、星期日,
20210530,,是,星期六、星期日,
20210605,,是,星期六、星期日,
20210606,,是,星期六、星期日,
20210612,,是,星期六、星期日,
20210613,,是,星期六、星期日,
20210614,端午節,是,放假之紀念日及節日,全國各機關學校放假一日。
20210619,,是,星期六、星期日,
20210620,,是,星期六、星期日,
20210626,,是,星期六、星期日,
20210627,,是,星期六、星期日,
20210703,,是,星期六、星期日,
20210704,,是,星期六、星期日,
20210710,,是,星期六、星期日,
20210711,,是,星期六、星期日,
20210717,,是,星期六、星期日,
20210718,,是,星期六、星期日,
20210724,,是,星期六、星期日,
20210725,,是,星期六、星期日,
20210731,,是,星期六、星期日,
20210801,,是,星期六、星期日,
20210807,,是,星期六、星期日,
20210808,,是,星期六、星期日,
20210814,,是,星期六、星期日,
20210815,,是,星期六、星期日,
20210821,,是,星期六、星期日,
20210822,,是,星期六、星期日,
20210828,,是,星期六、星期日,
20210829,,是,星期六、星期日,
20210903,軍人節,是,特定節日,軍人依國防部規定辦理。
20210904,,是,星期六、星期日,
20210905,,是,星期六、星期日,
20210911,,否,補行上班日,
20210912,,是,星期六、星期日,
20210918,,是,星期六、星期日,
20210919,,是,星期六、星期日,
20210920,,是,調整放假日,
20210921,中秋節,是,放假之紀念日及節日,全國各機關學校放假一日，適逢星期二，調整九月二十日為放假日，並於九月十一日補行上班一日。
20210925,,是,星期六、星期日,
20210926,,是,星期六、星期日,
20211002,,是,星期六、星期日,
20211003,,是,星期六、星期日,
20211009,,是,星期六、星期日,
20211010,國慶日,是,放假之紀念日及節日,全國各機關學校放假一日，適逢星期日，於十月十一日補假一日。
20211011,,是,補假,
20211016,,是,星期六、星期日,
20211017,,是,星期六、星期日,
20211023,,是,星期六、星期日,
20211024,,是,星期六、星期日,
20211030,,是,星期六、星期日,
20211031,,是,星期六、星期日,
20211106,,是,星期六、星期日,
20211107,,是,星期六、星期日,
20211113,,是,星期六、星期日,
20211114,,是,星期六、星期日,
20211120,,是,星期六、星期日,
20211121,,是,星期六、星期日,
20211127,,是,星期六、星期日,
20211128,,是,星期六、星期日,
20211204,,是,星期六、星期日,
20211205,,是,星期六、星期日,
20211211,,是,星期六、星期日,
20211212,,是,星期六、星期日,
20211218,,是,星期六、星期日,
20211219,,是,星期六、星期日,
20211225,,是,星期六、星期日,
20211226,,是,星期六、星期日,
20211231,,是,補假,
20220101,中華民國開國紀念日,是,放假之紀念日及節日,全國各機關學校放假一日，適逢星期六，於一一○年十二月三十一日補假一日。
20220102,,是,星期六、星期日,
20220108,,是,星期六、星期日,
20220109,,是,星期六、星期日,
20220115,,是,星期六、星期日,
20220116,,是,星期六、星期日,
20220122,,否,補行上班日,
20220123,,是,星期六、星期日,
20220129,,是,星期六、星期日,
20220130,,是,星期六、星期日,
20220131,農曆除夕,是,放假之紀念日及節日,全國各機關學校放假一日。
20220201,春節,是,放假之紀念日及節日,全國各機關學校於二月一日至二月三日放假三日，其中春節初三(二月三日)適逢星期四，調整二月四日為放假日，並於一月二十二日補行上班一日。
20220202,春節,是,放假之紀念日及節日,
20220203,春節,是,放假之紀念日及節日,
20220204,,是,調整放假日,
20220205,,是,星期六、星期日,
20220206,,是,星期六、星期日,
20220212,,是,星期六、星期日,
20220213,,是,星期六、星期日,
20220219,,是,星期六、星期日,
20220220,,是,星期六、星期日,
20220226,,是,星期六、星期日,
20220227,,是,星期六、星期日,
20220228,和平紀念日,是,放假之紀念日及節日,全國各機關學校放假一日。
20220305,,是,星期六、星期日,
20220306,,是,星期六、星期日,
20220312,,是,星期六、星期日,
20220313,,是,星期六、星期日,
20220319,,是,星期六、星期日,
20220320,,是,星期六、星期日,
20220326,,是,星期六、星期日,
20220327,,是,星期六、星期日,
20220402,,是,星期六、星期日,
20220403,,是,星期六、星期日,
20220404,兒童節,是,放假之紀念日及節日,全國各機關學校放假一日。
20220405,民族掃墓節（清明節）,是,放假之紀念日及節日,全國各機關學校放假一日。
20220409,,是,星期六、星期日,
20220410,,是,星期六、星期日,
20220416,,是,星期六、星期日,
20220417,,是,星期六、星期日,
20220423,,是,星期六、星期日,
20220424,,是,星期六、星期日,
20220430,,是,星期六、星期日,
20220501,勞動節,是,特定節日,勞工放假一日。
20220507,,是,星期六、星期日,
20220508,,是,星期六、星期日,
20220514,,是,星期六、星期日,
20220515,,是,星期六、星期日,
20220521,,是,星期六、星期日,
20220522,,是,星期六、星期日,
20220528,,是,星期六、星期日,
20220529,,是,星期六、星期日,
20220603,端午節,是,放假之紀念日及節日,全國各機關學校放假一日。
20220604,,是,星期六、星期日,
20220605,,是,星期六、星期日,
20220611,,是,星期六、星期日,
20220612,,是,星期六、星期日,
20220618,,是,星期六、星期日,
20220619,,是,星期六、星期日,
20220625,,是,星期六、星期日,
20220626,,是,星期六、星期日,
20220702,,是,星期六、星期日,
20220703,,是,星期六、星期日,
20220709,,是,星期六、星期日,
20220710,,是,星期六、星期日,
20220716,,是,星期六、星期日,
20220717,,是,星期六、星期日,
20220723,,是,星期六、星期日,
20220724,,是,星期六、星期日,
20220730,,是,星期六、星期日,
20220731,,是,星期六、星期日,
20220806,,是,星期六、星期日,
20220807,,是,星期六、星期日,
20220813,,是,星期六、星期日,
20220814,,是,星期六、星期日,
20220820,,是,星期六、星期日,
20220821,,是,星期六、星期日,
20220827,,是,星期六、星期日,
20220828,,是,星期六、星期日,
20220903,軍人節,是,特定節日,軍人依國防部規定辦理。
20220904,,是,星期六、星期日,
20220909,,是,補假,
20220910,中秋節,是,放假之紀念日及節日,全國各機關學校放假一日，適逢星期六，於九月九日補假一日。
20220911,,是,星期六、星期日,
20220917,,是,星期六、星期日,
20220918,,是,星期六、星期日,
20220924,,是,星期六、星期日,
20220925,,是,星期六、星期日,
20221001,,是,星期六、星期日,
20221002,,是,星期六、星期日,
20221008,,是,星期六、星期日,
20221009,,是,星期六、星期日,
20221010,國慶日,是,放假之紀念日及節日,全國各機關學校放假一日。
20221015,,是,星期六、星期日,
20221016,,是,星期六、星期日,
20221022,,是,星期六、星期日,
20221023,,是,星期六、星期日,
20221029,,是,星期六、星期日,
20221030,,是,星期六、星期日,
20221105,,是,星期六、星期日,
20221106,,是,星期六、星期日,
20221112,,是,星期六、星期日,
20221113,,是,星期六、星期日,
20221119,,是,星期六、星期日,
20221120,,是,星期六、星期日,
20221126,,是,星期六、星期日,
20221127,,是,星期六、星期日,
20221203,,是,星期六、星期日,
20221204,,是,星期六、星期日,
20221210,,是,星期六、星期日,
20221211,,是,星期六、星期日,
20221217,,是,星期六、星期日,
20221218,,是,星期六、星期日,
20221224,,是,星期六、星期日,
20221225,,是,星期六、星期日,
20221231,,是,星期六、星期日,
20230101,中華民國開國紀念日,是,放假之紀念日及節日,全國各機關學校放假一日，適逢星期日，於一月二日補假一日。
20230102,,是,補假,
20230107,,否,補行上班日,
20230108,,是,星期六、星期日,
20230114,,是,星期六、星期日,
20230115,,是,星期六、星期日,
20230120,,是,調整放假日,
20230121,農曆除夕,是,放假之紀念日及節日,全國各機關學校放假一日，適逢星期六，於一月二十五日補假一日；小年夜(一月二十日)適逢星期五，調整為放假日，並於一月七日補行上班一日。
20230122,春節,是,放假之紀念日及節日,全國各機關學校於一月二十二日至一月二十四日放假三日，其中春節初一適逢星期日，於一月二十六日補假一日；一月二十七日調整放假，並於二月四日補行上班一日。
20230123,春節,是,放假之紀念日及節日,
20230124,春節,是,放假之紀念日及節日,
20230125,,是,補假,
20230126,,是,補假,
20230127,,是,調整放假日,
20230128,,是,星期六、星期日,
20230129,,是,星期六、星期日,
20230204,,否,補行上班日,
20230205,,是,星期六、星期日,
20230211,,是,星期六、星期日,
20230212,,是,星期六、星期日,
20230218,,否,補行上班日,
20230219,,是,星期六、星期日,
20230225,,是,星期六、星期日,
20230226,,是,星期六、星期日,
20230227,,是,調整放假日,
20230228,和平紀念日,是,放假之紀念日及節日,全國各機關學校放假一日，適逢星期二，調整二月二十七日為放假日，並於二月十八日補行上班一日。
20230304,,是,星期六、星期日,
20230305,,是,星期六、星期日,
20230311,,是,星期六、星期日,
20230312,,是,星期六、星期日,
20230318,,是,星期六、星期日,
20230319,,是,星期六、星期日,
20230325,,否,補行上班日,
20230326,,是,星期六、星期日,
20230401,,是,星期六、星期日,
20230402,,是,星期六、星期日,
20230403,,是,調整放假日,
20230404,兒童節,是,放假之紀念日及節日,全國各機關學校放假一日，適逢星期二，調整四月三日為放假日，並於三月二十五日補行上班一日。
20230405,民族掃墓節（清明節）,是,放假之紀念日及節日,全國各機關學校放假一日。
20230408,,是,星期六、星期日,
20230409,,是,星期六、星期日,
20230415,,是,星期六、星期日,
20230416,,是,星期六、星期日,
20230422,,是,星期六、星期日,
20230423,,是,星期六、星期日,
20230429,,是,星期六、星期日,
20230430,,是,星期六、星期日,
20230501,勞動節,是,特定節日,勞工放假一日。
20230506,,是,星期六、星期日,
20230507,,是,星期六、星期日,
20230513,,是,星期六、星期日,
20230514,,是,星期六、星期日,
20230520,,是,星期六、星期日,
20230521,,是,星期六、星期日,
20230527,,是,星期六、星期日,
20230528,,是,星期六、星期日,
20230603,,是,星期六、星期日,
20230604,,是,星期六、星期日,
20230610,,是,星期六、星期日,
20230611,,是,星期六、星期日,
20230617,,否,補行上班日,
20230618,,是,星期六、星期日,
20230622,端午節,是,放假之紀念日及節日,全國各機關學校放假一日，適逢星期四，調整六月二十三日為放假日，並於六月十七日補行上班一日。
20230623,,是,調整放假日,
20230624,,是,星期六、星期日,
20230625,,是,星期六、星期日,
20230701,,是,星期六、星期日,
20230702,,是,星期六、星期日,
20230708,,是,星期六、星期日,
20230709,,是,星期六、星期日,
20230715,,是,星期六、星期日,
20230716,,是,星期六、星期日,
20230722,,是,星期六、星期日,
20230723,,是,星期六、星期日,
20230729,,是,星期六、星期日,
20230730,,是,星期六、星期日,
20230805,,是,星期六、星期日,
20230806,,是,星期六、星期日,
20230812,,是,星期六、星期日,
20230813,,是,星期六、星期日,
20230819,,是,星期六、星期日,
20230820,,是,星期六、星期日,
20230826,,是,星期六、星期日,
20230827,,是,星期六、星期日,
20230902,,是,星期六、星期日,
20230903,軍人節,是,特定節日,軍人依國防部規定辦理。
20230909,,是,星期六、星期日,
20230910,,是,星期六、星期日,
20230916,,是,星期六、星期日,
20230917,,是,星期六、星期日,
20230923,,否,補行上班日,
20230924,,是,星期六、星期日,
20230929,中秋節,是,放假之紀念日及節日,全國各機關學校放假一日。
20230930,,是,星期六、星期日,
20231001,,是,星期六、星期日,
20231007,,是,星期六、星期日,
20231008,,是,星期六、星期日,
20231009,,是,調整放假日,
20231010,國慶日,是,放假之紀念日及節日,全國各機關學校放假一日，適逢星期二，調整十月九日為放假日，並於九月二十三日補行上班一日。
20231014,,是,星期六、星期日,
20231015,,是,星期六、星期日,
20231021,,是,星期六、星期日,
20231022,,是,星期六、星期日,
20231028,,是,星期六、星期日,
20231029,,是,星期六、星期日,
20231104,,是,星期六、星期日,
20231105,,是,星期六、星期日,
20231111,,是,星期六、星期日,
20231112,,是,星期六、星期日,
20231118,,是,星期六、星期日,
20231119,,是,星期六、星期日,
20231125,,是,星期六、星期日,
20231126,,是,星期六、星期日,
20231202,,是,星期六、星期日,
20231203,,是,星期六、星期日,
20231209,,是,星期六、星期日,
20231210,,是,星期六、星期日,
20231216,,是,星期六、星期日,
20231217,,是,星期六、星期日,
20231223,,是,星期六、星期日,
20231224,,是,星期六、星期日,
20231230,,是,星期六、星期日,
20231231,,是,星期六、星期日,
20240101,中華民國開國紀念日,是,放假之紀念日及節日,全國各機關學校放假一日。
20240106,,是,星期六、星期日,
20240107,,是,星期六、星期日,
20240113,,是,星期六、星期日,
20240114,,是,星期六、星期日,
20240120,,是,星期六、星期日,
20240121,,是,星期六、星期日,
20240127,,是,星期六、星期日,
20240128,,是,星期六、星期日,
20240203,,是,星期六、星期日,
20240204,,是,星期六、星期日,
20240208,,是,調整放假日,
20240209,農曆除夕,是,放假之紀念日及節日,全國各機關學校放假一日，小年夜(二月八日)適逢星期四，調整為放假日，並於二月十七日補行上班一日。
20240210,春節,是,放假之紀念日及節日,全國各機關學校於二月十日至二月十二日放假三日，其中春節初一、初二適逢星期六、星期日，分別於二月十三日及二月十四日各補假一日。
20240211,春節,是,放假之紀念日及節日,
20240212,春節,是,放假之紀念日及節日,
20240213,,是,補假,
20240214,,是,補假,
20240217,,否,補行上班日,
20240218,,是,星期六、星期日,
20240224,,是,星期六、星期日,
20240225,,是,星期六、星期日,
20240228,和平紀念日,是,放假之紀念日及節日,全國各機關學校放假一日。
20240302,,是,星期六、星期日,
20240303,,是,星期六、星期日,
20240309,,是,星期六、星期日,
20240310,,是,星期六、星期日,
20240316,,是,星期六、星期日,
20240317,,是,星期六、星期日,
20240323,,是,星期六、星期日,
20240324,,是,星期六、星期日,
20240330,,是,星期六、星期日,
20240331,,是,星期六、星期日,
20240404,兒童節及民族掃墓節,是,放假之紀念日及節日,全國各機關學校放假一日，兒童節與民族掃墓節同一日，於四月五日補假一日。
20240405,,是,補假,
20240406,,是,星期六、星期日,
20240407,,是,星期六、星期日,
20240413,,是,星期六、星期日,
20240414,,是,星期六、星期日,
20240420,,是,星期六、星期日,
20240421,,是,星期六、星期日,
20240427,,是,星期六、星期日,
20240428,,是,星期六、星期日,
20240501,勞動節,是,特定節日,勞工放假一日。
20240504,,是,星期六、星期日,
20240505,,是,星期六、星期日,
20240511,,是,星期六、星期日,
20240512,,是,星期六、星期日,
20240518,,是,星期六、星期日,
20240519,,是,星期六、星期日,
20240525,,是,星期六、星期日,
20240526,,是,星期六、星期日,
20240601,,是,星期六、星期日,
20240602,,是,星期六、星期日,
20240608,,是,星期六、星期日,
20240609,,是,星期六、星期日,
20240610,端午節,是,放假之紀念日及節日,全國各機關學校放假一日。
20240615,,是,星期六、星期日,
20240616,,是,星期六、星期日,
20240622,,是,星期六、星期日,
20240623,,是,星期六、星期日,
20240629,,是,星期六、星期日,
20240630,,是,星期六、星期日,
20240706,,是,星期六、星期日,
20240707,,是,星期六、星期日,
20240713,,是,星期六、星期日,
20240714,,是,星期六、星期日,
20240720,,是,星期六、星期日,
20240721,,是,星期六、星期日,
20240727,,是,星期六、星期日,
20240728,,是,星期六、星期日,
20240803,,是,星期六、星期日,
20240804,,是,星期六、星期日,
20240810,,是,星期六、星期日,
20240811,,是,星期六、星期日,
20240817,,是,星期六、星期日,
20240818,,是,星期六、星期日,
20240824,,是,星期六、星期日,
20240825,,是,星期六、星期日,
20240831,,是,星期六、星期日,
20240901,,是,星期六、星期日,
20240903,軍人節,是,特定節日,軍人依國防部規定辦理。
20240907,,是,星期六、星期日,
20240908,,是,星期六、星期日,
20240914,,是,星期六、星期日,
20240915,,是,星期六、星期日,
20240917,中秋節,是,放假之紀念日及節日,全國各機關學校放假一日。
20240921,,是,星期六、星期日,
20240922,,是,星期六、星期日,
20240928,,是,星期六、星期日,
20240929,,是,星期六、星期日,
20241005,,是,星期六、星期日,
20241006,,是,星期六、星期日,
20241010,國慶日,是,放假之紀念日及節日,全國各機關學校放假一日。
20241012,,是,星期六、星期日,
20241013,,是,星期六、星期日,
20241019,,是,星期六、星期日,
20241020,,是,星期六、星期日,
20241026,,是,星期六、星期日,
20241027,,是,星期六、星期日,
20241102,,是,星期六、星期日,
20241103,,是,星期六、星期日,
20241109,,是,星期六、星期日,
20241110,,是,星期六、星期日,
20241116,,是,星期六、星期日,
20241117,,是,星期六、星期日,
20241123,,是,星期六、星期日,
20241124,,是,星期六、星期日,
20241130,,是,星期六、星期日,
20241201,,是,星期六、星期日,
20241207,,是,星期六、星期日,
20241208,,是,星期六、星期日,
20241214,,是,星期六、星期日,
20241215,,是,星期六、星期日,
20241221,,是,星期六、星期日,
20241222,,是,星期六、星期日,
20241228,,是,星期六、星期日,
20241229,,是,星期六、星期日,
20250101,中華民國開國紀念日,是,放假之紀念日及節日,
20250104,,是,星期六、星期日,
20250105,,是,星期六、星期日,
20250111,,是,星期六、星期日,
20250112,,是,星期六、星期日,
20250118,,是,星期六、星期日,
20250119,,是,星期六、星期日,
20250125,,是,星期六、星期日,
20250126,,是,星期六、星期日,
20250127,,是,調整放假日,
20250128,農曆除夕,是,放假之紀念日及節日,全國各機關學校放假一日，小年夜(一月二十七日)適逢星期一，調整為放假日，並於二月八日補行上班一日。
20250129,春節,是,放假之紀念日及節日,全國各機關學校於一月二十九日至一月三十一日放假三日。
20250130,春節,是,放假之紀念日及節日,
20250131,春節,是,放假之紀念日及節日,
20250201,,是,星期六、星期日,
20250202,,是,星期六、星期日,
20250208,,否,補行上班日,
20250209,,是,星期六、星期日,
20250215,,是,星期六、星期日,
20250216,,是,星期六、星期日,
20250222,,是,星期六、星期日,
20250223,,是,星期六、星期日,
20250228,和平紀念日,是,放假之紀念日及節日,
20250301,,是,星期六、星期日,
20250302,,是,星期六、星期日,
20250308,,是,星期六、星期日,
20250309,,是,星期六、星期日,
20250315,,是,星期六、星期日,
20250316,,是,星期六、星期日,
20250322,,是,星期六、星期日,
20250323,,是,星期六、星期日,
20250329,,是,星期六、星期日,
20250330,,是,星期六、星期日,
20250403,,是,補假,
20250404,兒童節及民族掃墓節,是,放假之紀念日及節日,全國各機關學校放假一日，兒童節與民族掃墓節同一日，於四月三日補假一日。
20250405,,是,星期六、星期日,
20250406,,是,星期六、星期日,
20250412,,是,星期六、星期日,
20250413,,是,星期六、星期日,
20250419,,是,星期六、星期日,
20250420,,是,星期六、星期日,
20250426,,是,星期六、星期日,
20250427,,是,星期六、星期日,
20250501,勞動節,是,特定節日,勞工放假一日。
20250503,,是,星期六、星期日,
20250504,,是,星期六、星期日,
20250510,,是,星期六、星期日,
20250511,,是,星期六、星期日,
20250517,,是,星期六、星期日,
20250518,,是,星期六、星期日,
20250524,,是,星期六、星期日,
20250525,,是,星期六、星期日,
20250530,,是,補假,
20250531,端午節,是,放假之紀念日及節日,全國各機關學校放假一日。
20250601,,是,星期六、星期日,
20250607,,是,星期六、星期日,
20250608,,是,星期六、星期日,
20250614,,是,星期六、星期日,
20250615,,是,星期六、星期日,
20250621,,是,星期六、星期日,
20250622,,是,星期六、星期日,
20250628,,是,星期六、星期日,
20250629,,是,星期六、星期日,
20250705,,是,星期六、星期日,
20250706,,是,星期六、星期日,
20250712,,是,星期六、星期日,
20250713,,是,星期六、星期日,
20250719,,是,星期六、星期日,
20250720,,是,星期六、星期日,
20250726,,是,星期六、星期日,
20250727,,是,星期六、星期日,
20250802,,是,星期六、星期日,
20250803,,是,星期六、星期日,
20250809,,是,星期六、星期日,
20250810,,是,星期六、星期日,
20250816,,是,星期六、星期日,
20250817,,是,星期六、星期日,
20250823,,是,星期六、星期日,
20250824,,是,星期六、星期日,
20250830,,是,星期六、星期日,
20250831,,是,星期六、星期日,
20250903,軍人節,是,特定節日,軍人依國防部規定辦理。
20250906,,是,星期六、星期日,
20250907,,是,星期六、星期日,
20250913,,是,星期六、星期日,
20250914,,是,星期六、星期日,
20250920,,是,星期六、星期日,
20250921,,是,星期六、星期日,
20250927,,是,星期六、星期日,
20250928,,是,星期六、星期日,
20251004,,是,星期六、星期日,
20251005,,是,星期六、星期日,
20251006,中秋節,是,放假之紀念日及節日,全國各機關學校放假一日。
20251010,國慶日,是,放假之紀念日及節日,全國各機關學校放假一日。
20251011,,是,星期六、星期日,
20251012,,是,星期六、星期日,
20251018,,是,星期六、星期日,
20251019,,是,星期六、星期日,
20251025,,是,星期六、星期日,
20251026,,是,星期六、星期日,
20251101,,是,星期六、星期日,
20251102,,是,星期六、星期日,
20251108,,是,星期六、星期日,
20251109,,是,星期六、星期日,
20251115,,是,星期六、星期日,
20251116,,是,星期六、星期日,
20251122,,是,星期六、星期日,
20251123,,是,星期六、星期日,
20251129,,是,星期六、星期日,
20251130,,是,星期六、星期日,
20251206,,是,星期六、星期日,
20251207,,是,星期六、星期日,
20251213,,是,星期六、星期日,
20251214,,是,星期六、星期日,
20251220,,是,星期六、星期日,
20251221,,是,星期六、星期日,
20251227,,是,星期六、星期日,
20251228,,是,星期六、星期日,
